,PLANTILLA DE TAREAS PENDIENTES DE PRODUCTOS ,,,,,,,,,,,,,,
,INFORME DE TAREAS PENDIENTES DE PRODUCTOS ,,,,,,,,,,,,,,
Épica,ID US,COMO …,QUIERO …,PARA …,PRIORIDAD,SPRINT,NECESARIO PARA MVP,ESTIMACIÓN (EN Horas),ESTADO,,,,ESTADO,,PRIORIDAD
EPIC001 - Registro de transacciones,US-001,estudiante universitario,"registrar mis ingresos manualmente indicando el monto, la fecha, la categoría y una descripción opcional",llevar un control detallado de todas mis fuentes de dinero y saber exactamente cuánto recibo y de dónde proviene cada ingreso,Alta,1,Sí,8,Desarrollado,,,,No se ha iniciado,,Alta
,US-002,estudiante universitario,"registrar mis gastos manualmente indicando el monto, la fecha, la categoría y una nota opcional","saber con exactitud en qué estoy gastando mi dinero, identificar gastos innecesarios y tomar decisiones más conscientes sobre mi consumo",Alta,1,Sí,4,Desarrollado,,,,En curso,,Media
,US-003,usuario registrado,"seleccionar cualquier transacción registrada y modificar su monto, categoría, fecha o descripción antes de guardar los cambios","corregir errores de captura sin necesidad de eliminar y volver a registrar la transacción, manteniendo mis reportes siempre precisos",Media,2,Sí,12,En curso,,,,Completado,,Baja
,US-004,usuario registrado,eliminar una transacción registrada tras confirmar la acción en un diálogo de verificación,"mantener mi historial financiero limpio y libre de registros duplicados o incorrectos, asegurando que mis reportes reflejen solo información válida",Media,2,Sí,6,Desarrollado,,,,Atrasado,,
EPIC002 - Categorización,US-005,estudiante universitario,"asignar una categoría a cada ingreso en el momento de registrarlo, pudiendo elegir entre categorías predefinidas o crear una nueva","diferenciar mis ingresos según su origen (beca, trabajo, familia, etc.) y obtener reportes que me muestren de qué fuentes proviene mi dinero",Alta,2,Sí,8,Desarrollado,,,,En espera,,
,US-006,usuario registrado,"asignar o cambiar la categoría de cada gasto al registrarlo o editarlo, seleccionando de una lista de categorías disponibles",organizar mis gastos por tipo de consumo y visualizarlos correctamente agrupados en gráficos y reportes para entender mis patrones de gasto,Alta,2,Sí,6,Desarrollado,,,,,,
EPIC003 - Reportes y visualización,US-007,estudiante universitario,visualizar un resumen del total de gastos del día actual con el desglose por categoría,monitorizar mis hábitos financieros diarios en tiempo real y detectar rápidamente si estoy gastando más de lo habitual en alguna categoría específica,Media,2,No,10,En curso,,,,,,
,US-008,usuario registrado,consultar un resumen de mis gastos e ingresos agrupados por día dentro de la semana seleccionada,identificar en qué días de la semana concentro más mis gastos y detectar tendencias tempranas antes de que se conviertan en un problema financiero,Media,2,No,10,En curso,,,,,,
,US-009,usuario registrado,"consultar un resumen mensual que muestre el total de ingresos, total de gastos, balance resultante y desglose por categoría para cualquier mes pasado o el actual","evaluar mi salud financiera mensual de forma integral, comparar mis ingresos contra mis gastos y determinar si estoy ahorrando o gastando más de lo que recibo",Alta,2,Sí,8,Desarrollado,,,,,,
,US-010,estudiante universitario,visualizar un gráfico de barras o circular que muestre el porcentaje y monto gastado en cada categoría durante un periodo seleccionado,entender visualmente en qué áreas concentro más mis gastos y tomar decisiones informadas sobre dónde puedo reducir mi consumo,Alta,3,No,12,En curso,,,,,,
,US-011,estudiante universitario,"seleccionar dos o más meses y ver un gráfico comparativo que muestre los totales de ingresos, gastos y ahorro de cada mes","analizar la evolución de mis finanzas a lo largo del tiempo, identificar si mis hábitos están mejorando o empeorando y ajustar mi comportamiento financiero en consecuencia",Media,3,No,16,En curso,,,,,,
,US-012,usuario registrado,"aplicar filtros combinados a mi historial de transacciones por rango de fechas, categoría, tipo (ingreso o gasto) y rango de monto","localizar rápidamente transacciones específicas sin tener que revisar todo el historial manualmente, ahorrando tiempo y obteniendo la información que necesito de forma precisa",Media,3,No,12,En curso,,,,,,
,US-013,usuario registrado,"generar y exportar el reporte del periodo seleccionado en formato PDF con gráficos, totales y desglose por categoría, y compartirlo desde el teléfono","guardar un respaldo de mi información financiera fuera de la app, compartirlo con mi asesor académico o familiar, o adjuntarlo como evidencia en mi proceso de tesis",Baja,3,No,16,En curso,,,,,,
,US-014,estudiante universitario,"ver un indicador de mi evolución financiera que compare mis hábitos actuales con los de meses anteriores, mostrando si reduje gastos, aumenté mi ahorro o mejoré mi balance",entender si estoy mejorando mi comportamiento financiero gracias al uso de la app y contar con evidencia concreta de mi progreso a lo largo del tiempo,Alta,4,No,20,No iniciado,,,,,,
EPIC004 - IA y predicciones,US-015,usuario registrado,"consultar una predicción generada por IA del monto total que gastaré el próximo mes, con el desglose estimado por categoría y un nivel de confianza del modelo",anticipar cuánto dinero necesitaré antes de que termine el mes y planificar con tiempo mis gastos para evitar quedarme sin fondos en fechas críticas del ciclo académico,Alta,3,No,40,No iniciado,,,,,,
,US-016,usuario registrado,recibir una alerta inteligente generada por IA cuando mis gastos en una categoría superen en más del 20% mi promedio histórico de los últimos meses,detectar a tiempo comportamientos de gasto inusuales que puedan comprometer mi presupuesto y evitar el descontrol financiero antes de que el desbalance sea difícil de corregir,Alta,3,No,24,No iniciado,,,,,,
,US-017,estudiante universitario,"recibir entre una y cinco recomendaciones personalizadas generadas por IA, basadas en mi historial de gastos, mis metas activas y el estado de mis presupuestos","tomar decisiones financieras más inteligentes con sugerencias concretas adaptadas a mi situación real, no consejos genéricos, y mejorar progresivamente mis hábitos de ahorro y consumo",Alta,4,No,40,No iniciado,,,,,,
,US-018,estudiante universitario,que la IA de la app analice la descripción o el monto de una transacción que estoy registrando y me sugiera automáticamente la categoría más apropiada,"reducir el tiempo y el esfuerzo que toma registrar cada transacción, evitar errores de categorización manual y mantener mis reportes organizados de forma consistente sin depender solo de mi memoria",Media,3,Sí,24,No iniciado,,,,,,
EPIC005 - Presupuestos,US-019,estudiante universitario,"definir un monto máximo de gasto mensual para cada categoría que considere importante controlar, como alimentación, transporte o entretenimiento",establecer límites claros para mi consumo por área antes de comenzar el mes y tener una referencia concreta que me permita saber cuándo estoy cerca de exceder lo que me propuse gastar,Alta,1,Sí,8,Desarrollado,,,,,,
,US-020,estudiante universitario,recibir una notificación automática en el momento en que mis gastos acumulados en una categoría alcancen el 80% del límite presupuestal que definí para ese mes,"actuar con anticipación antes de sobrepasar mi presupuesto, ajustar mis gastos restantes del mes y evitar terminar el periodo con un déficit que afecte mis otras obligaciones financieras",Alta,3,No,16,No iniciado,,,,,,
EPIC006 - Metas de ahorro,US-021,usuario registrado,"registrar una meta de ahorro indicando el nombre, el monto objetivo en soles y la fecha límite para alcanzarla","trabajar de forma organizada hacia objetivos financieros concretos como un viaje, un dispositivo o un fondo de emergencia, con un plazo definido que me ayude a mantener el compromiso",Media,2,Sí,8,Desarrollado,,,,,,
,US-022,usuario registrado,"ver el detalle de cada meta activa con el monto ahorrado hasta la fecha, el porcentaje de avance, el monto restante y los días que quedan para la fecha límite","saber exactamente en qué punto estoy respecto a cada objetivo de ahorro, evaluar si voy al ritmo necesario para cumplirlo y tomar decisiones si necesito ajustar mi ritmo de ahorro",Media,3,Sí,8,Desarrollado,,,,,,
EPIC007 - Gamificación y retos,US-023,estudiante universitario,"acceder a módulos de educación financiera con contenido práctico sobre presupuesto, ahorro, deuda e inversión básica, adaptado a la realidad de los estudiantes universitarios peruanos","mejorar mi comprensión de conceptos financieros clave de forma progresiva, complementar el aprendizaje con los retos de la app y tomar decisiones más informadas sobre el manejo de mi dinero durante mi etapa universitaria",Alta,4,No,20,No iniciado,,,,,,
,US-024,estudiante universitario,"visualizar y aceptar mini-retos financieros disponibles en la app, como ""registra tus gastos 5 días seguidos"" o ""no gastes en entretenimiento esta semana"", y que la app verifique automáticamente su cumplimiento",mejorar mis hábitos financieros de forma progresiva a través de desafíos concretos y alcanzables que me mantengan comprometido con el uso de la app y me enseñen disciplina financiera de manera práctica,Media,4,No,24,No iniciado,,,,,,
,US-025,usuario registrado,"recibir una insignia visible en mi perfil cada vez que complete una meta de ahorro, termine un reto financiero o alcance un hito de uso de la app","sentirme reconocido por mi progreso financiero, mantener la motivación para seguir usando la app regularmente y tener un registro visual de mis logros acumulados a lo largo del tiempo",Baja,4,No,16,No iniciado,,,,,,
,US-026,estudiante universitario,"completar retos de conocimiento financiero con preguntas prácticas sobre conceptos como presupuesto, ahorro, deuda e interés, y recibir retroalimentación inmediata tras cada respuesta","aprender finanzas personales de forma activa y progresiva dentro de la app, mejorando mis decisiones económicas cotidianas mediante la práctica deliberada de conceptos clave",Alta,4,No,28,No iniciado,,,,,,
EPIC008 - Autenticación y seguridad,US-027,usuario nuevo,"crear una cuenta en la app ingresando mi nombre completo, correo electrónico y una contraseña que cumpla los requisitos de seguridad, y que la app inicie sesión automáticamente tras el registro","acceder a mis datos financieros de forma inmediata tras registrarme, sin pasos adicionales innecesarios, y tener la certeza de que mi cuenta está protegida desde el primer momento",Alta,1,Sí,8,Desarrollado,,,,,,
,US-028,usuario registrado,"iniciar sesión con mi correo y contraseña, y que la app bloquee temporalmente el acceso tras tres intentos fallidos consecutivos","garantizar que únicamente yo pueda acceder a mi información financiera personal, protegiéndola ante intentos de acceso no autorizados",Alta,1,Sí,6,Desarrollado,,,,,,
,US-029,usuario registrado,que todos mis datos financieros se almacenen cifrados en el dispositivo y se transmitan de forma segura al servidor mediante protocolos de encriptación,"tener la certeza de que mi información personal y financiera está protegida ante accesos no autorizados, en cumplimiento con la Ley 29733 de Protección de Datos Personales del Perú",Alta,1,Sí,12,En curso,,,,,,
EPIC009 - Perfil de usuario,US-030,estudiante universitario,"completar un formulario de perfil inicial al usar la app por primera vez, indicando mi edad, universidad, tipo de ingresos y monto promedio mensual","que la app cuente con contexto suficiente sobre mi situación económica real para ofrecerme recomendaciones, predicciones y contenido educativo adaptados a mi perfil específico",Media,1,Sí,10,Desarrollado,,,,,,
,US-031,usuario registrado,seleccionar en la configuración de la app la moneda y el formato numérico con el que se mostrarán todos los montos,"ver todos los valores en el formato que reconozco y utilizo en mi vida cotidiana, evitando confusiones al interpretar mis datos financieros dentro de la app",Media,2,No,6,En curso,,,,,,
,US-032,estudiante universitario nuevo,"ver un flujo de bienvenida que me presente las funciones principales de la app mediante pantallas guiadas la primera vez que la abro, con opción de omitirlo si ya estoy familiarizado","entender de forma rápida y clara cómo registrar transacciones, revisar reportes y usar las funciones de IA sin necesidad de explorar la app por prueba y error, reduciendo la fricción en mi primer uso",Alta,1,Sí,8,Desarrollado,,,,,,
EPIC010 - Evaluación e investigación,US-033,estudiante universitario,"responder una evaluación breve de conocimiento financiero al abrir la app por primera vez, compuesta por preguntas sobre conceptos como presupuesto, ahorro, deuda e interés","establecer un nivel base de educación financiera antes de usar la app, permitiendo que al final del periodo de uso se mida con datos concretos cuánto mejoró mi conocimiento gracias a Zenda",Alta,1,Sí,20,No iniciado,,,,,,
,US-034,estudiante universitario,"recibir una invitación para completar la evaluación de conocimiento financiero final después de 30 días de uso activo de la app, respondiendo las mismas preguntas que al inicio","demostrar con evidencia cuantitativa si el uso de Zenda mejoró mi comprensión de conceptos financieros básicos, aportando datos reales al objetivo de impacto educativo de la investigación de tesis",Alta,4,No,10,No iniciado,,,,,,
,US-035,estudiante participante del piloto,"completar el cuestionario de usabilidad SUS directamente desde la app al finalizar el periodo de prueba, sin necesidad de usar formularios externos",contribuir con mi evaluación de experiencia al proceso de validación de la app y apoyar la medición objetiva de su usabilidad para la investigación de tesis,Alta,4,No,14,No iniciado,,,,,,
,US-036,estudiante universitario,"enviar mis comentarios y sugerencias sobre la app desde una sección dedicada dentro de la misma, en cualquier momento durante mi uso",reportar problemas o proponer mejoras basadas en mi experiencia real para contribuir al desarrollo de una versión mejorada de la aplicación,Media,4,No,10,No iniciado,,,,,,
,US-037,investigador,"analizar los patrones de uso de la app a través de eventos clave registrados automáticamente, como registro de transacciones, consulta de reportes y aceptación de retos","identificar las funcionalidades más y menos utilizadas, medir el comportamiento real de los usuarios y respaldar con datos las conclusiones de la investigación de tesis",Media,4,No,16,No iniciado,,,,,,
,TOTAL,,,,,,,524,,,,,,,
